{
  "K_T": 2.0246375480111687,
  "T_opt": 18.0,
  "I_s": 1200000.0,
  "K_E": 0.07648937928201988,
  "FEED_NH3": 1.368,
  "FEED_NO3": 4.17,
  "FEED_ON": 50.38,
  "FEED_PO4": 3.4551000000000007,
  "FEED_OP": 3.49,
  "FEED_CBOD": 2.4200000000000004,
  "KC_PHY": 0.0972,
  "KN_PHY": 0.05,
  "KP_PHY": 0.011000000000000001,
  "F_PO4": 0.81,
  "kappa_1_PHY": 0.05500000000000001,
  "kappa_2_PHY": 0.05500000000000001,
  "KD_PHY": 0.004777652469847902,
  "M_max_PHY": 0.9,
  "K_PHY": 0.8800000000000001,
  "KR_PHY": 0.0036000000000000003,
  "EFF": 0.5,
  "K_GRZ": 0.0570344520075189,
  "K_PZ": 0.45,
  "K_DZ": 0.0004694007245801752,
  "KC_MA": 0.028874999999999998,
  "kappa_1_MA_T": 0.045000000000000005,
  "kappa_2_MA_T": 0.05,
  "kappa_1_MA_S": 0.05500000000000001,
  "kappa_2_MA_S": 0.026898353523026178,
  "S_opt": 35.0,
  "q_0N": 7.920000000000001,
  "q_0P": 0.7885317534394563,
  "KN_MA": 0.025,
  "K_qN": 9.9,
  "KP": 0.009000000000000001,
  "KE_MA": 0.099,
  "KP_MA": 0.011000000000000001,
  "K_qP": 1.1700000000000002,
  "KD_MA": 0.000375,
  "KR_MA": 0.009625,
  "MA_max": 3470.566600292988,
  "z": 14.622504868658218,
  "F_UP_N": 80.00969332342393,
  "F_UP_P": 1.8750000000000002,
  "DSH": 4.1666666666666665e-05,
  "kappa_SH": 0.5120140184465128,
  "T_0_SH": 259.2,
  "T_A_SH": 5530.0,
  "T_AL_SH": 23100.000000000004,
  "T_AH_SH": 31306.133167147636,
  "T_L_SH": 283.0,
  "T_H_SH": 257.4303691664501,
  "H_SH": 0.1037016564795364,
  "DF": 4.5833333333333334e-05,
  "kappa_F": 1.7818408499019172,
  "T_0_F": 410.15733924273684,
  "T_A_F": 7040.000000000001,
  "T_AL_F": 2880.0,
  "T_AH_F": 32000.0,
  "T_L_F": 425.0240366650137,
  "T_H_F": 266.40000000000003,
  "H_F": 5.0,
  "V_p_F": 9.9,
  "M_F": 450.0,
  "FCR_F": 3.5,
  "NC_PHY": 0.07150000000000001,
  "FON_PHY": 0.45,
  "NC_MA": 0.1,
  "DC_MA": 3.3000000000000003,
  "kappa_R_SH": 0.7602979344427586,
  "mu_V_SH": 2700.0,
  "NC_SH": 0.04750689385749124,
  "mu_CJ": 48.8,
  "kappa_R_F": 0.8,
  "mu_V_F": 4400.0,
  "NC_F": 0.18,
  "NC_FEED": 0.18,
  "KC_nit": 0.0020833333333333333,
  "K_nit": 2.0,
  "KNC_min": 0.0031249999999999997,
  "KC_den": 0.003027085767831205,
  "K_den": 0.1,
  "mu_ON_sink": 0.041,
  "U_SH": 0.001875,
  "U_F": 15.833333333333334,
  "PC_PHY": 0.025,
  "FOP_PHY": 0.3260361614694349,
  "PC_MA": 0.008788372156680144,
  "KPC_min": 0.0002878740114199772,
  "mu_OP_sink": 0.051476166939654164,
  "PC_SH": 0.0017114085708782854,
  "PC_F": 0.005,
  "OC": 1.42,
  "KDC": 0.18,
  "K_BOD": 0.5,
  "a": [
    1.6779067064467035,
    1.6779067064467035,
    1.6779067064467035,
    1.6779067064467035,
    1.6779067064467035,
    1.6779067064467035,
    1.6779067064467035,
    1.6779067064467035,
    1.6779067064467035,
    1.6779067064467035,
    1.6779067064467035,
    1.6779067064467035,
    1.6779067064467035,
    1.6779067064467035,
    1.6779067064467035,
    1.6779067064467035,
    1.6779067064467035,
    1.6779067064467035,
    1.6779067064467035,
    1.6779067064467035,
    1.6779067064467035,
    1.6779067064467035,
    1.6779067064467035,
    1.6779067064467035
  ],
  "b": 0.5,
  "c": 0.5,
  "d": [
    0.2922648958021481,
    0.2922648958021481,
    0.2922648958021481,
    0.2922648958021481,
    0.2922648958021481,
    0.2922648958021481,
    0.2922648958021481,
    0.2922648958021481,
    0.2922648958021481,
    0.2922648958021481,
    0.2922648958021481,
    0.2922648958021481,
    0.2922648958021481,
    0.2922648958021481,
    0.2922648958021481,
    0.2922648958021481,
    0.2922648958021481,
    0.2922648958021481,
    0.2922648958021481,
    0.2922648958021481,
    0.2922648958021481,
    0.2922648958021481,
    0.2922648958021481,
    0.2922648958021481
  ],
  "ROC_MA": 2.69,
  "SOD": [
    1.8073441445827485,
    1.8073441445827485,
    1.8073441445827485,
    1.8073441445827485,
    1.8073441445827485,
    1.8073441445827485,
    1.8073441445827485,
    1.8073441445827485,
    1.8073441445827485,
    1.8073441445827485,
    1.8073441445827485,
    1.8073441445827485,
    1.8073441445827485,
    1.8073441445827485,
    1.8073441445827485,
    1.8073441445827485,
    1.8073441445827485,
    1.8073441445827485,
    1.8073441445827485,
    1.8073441445827485,
    1.8073441445827485,
    1.8073441445827485,
    1.8073441445827485,
    1.8073441445827485
  ],
  "f_fec": 0.4,
  "f_PP": 0.5241880483925342,
  "K_ads": 8.33333334e-05,
  "K_des": 0.00625,
  "V_set": 0.00208333333334,
  "K_resus": 0.0015625,
  "Q_max": 215.22557608112382
}